"","participant","expName","Stim","Arousal_rate.response","Valence_rate.response","Familiarity_rate.response","Pleasantness_rate.response"
"1",2,"V2","Piano Sonata No. 11 (Spot).wav",3.609375,7,7,4.9912109375
"2",2,"V2","Tritsch-Tratsch (Spot).wav",4.46875,7,6.9931640625,4.64453125
"3",2,"V2","Radetzky March (Spot).wav",5.0107421875,7,7,5.6552734375
"4",3,"V3","Night on Bare Mountain (Spot).wav",5.0009765625,1,6.060546875,3.9755859375
"5",3,"V3","Moonlight Sonata (Spot).wav",1.998046875,7,6.001953125,6.9931640625
"6",3,"V3","Four Seasons Summer (Spot).wav",7,1.97363281249999,5.9775390625,4.0244140625
"7",4,"V4","Gypsy Baron (Spot).wav",3.86328125,6.421875,4.0146484375,3.6875
"8",4,"V4","Unt Donner Unt Blitz (Spot).wav",3.5068359375,5.9384765625,4.966796875,2.9013671875
"9",4,"V4","The Barber of Seville - Figaro’s Aria (Instrumental) Take 3.wav",5.005859375,5.826171875,2.9892578125,6.0068359375
"10",5,"V5","String Quartet No. 8 (Spot).wav",4.9814453125,5.005859375,3.033203125,3.9951171875
"11",5,"V5","L’Incendie (Spot).wav",5.97265625,2.9990234375,2.9990234375,1.978515625
"12",5,"V5","Chaconne in G (Spot).wav",2.9990234375,3.5458984375,3.990234375,3.4970703125
"13",6,"V6","Healing Water Full.wav",4.5029296875,6.9833984375,7,5.9580078125
"14",6,"V6","Fireplace Full.wav",2.0224609375,3.9853515625,4,1.00683593749999
"15",6,"V6","Aircraft Cabin Full.wav",1,3.9755859375,4.439453125,4.0244140625
"16",8,"V2","Piano Sonata No. 11 (Spot).wav",6.0263671875,5.9970703125,6.9443359375,5.0498046875
"17",8,"V2","Radetzky March (Spot).wav",6.0166015625,6.9345703125,6.001953125,4.9716796875
"18",8,"V2","Tritsch-Tratsch (Spot).wav",6.9296875,6.8759765625,6.8271484375,5.9921875
"19",9,"V3","Four Seasons Summer (Spot).wav",6.978515625,3.00390625,5.962890625,6.9443359375
"20",9,"V3","Night on Bare Mountain (Spot).wav",6.08984375,1.7783203125,1.03613281249999,5.97265625
"21",9,"V3","Moonlight Sonata (Spot).wav",1.88574218749999,3.3359375,6.6953125,6.96875
"22",10,"V4","Gypsy Baron (Spot).wav",4.9912109375,5.46484375,3.990234375,4
"23",10,"V4","The Barber of Seville - Figaro’s Aria (Instrumental) Take 3.wav",5.9775390625,5.005859375,5.9970703125,3.990234375
"24",10,"V4","Unt Donner Unt Blitz (Spot).wav",5.4892578125,2.994140625,4.419921875,3.970703125
"25",11,"V5","L’Incendie (Spot).wav",5.3671875,2.369140625,4.302734375,5.7138671875
"26",11,"V5","String Quartet No. 8 (Spot).wav",4.2734375,1.54882812499999,6.16796875,4.1318359375
"27",11,"V5","Chaconne in G (Spot).wav",5.2109375,5.9384765625,6.8173828125,5.7041015625
"28",12,"V5","Chaconne in G (Spot).wav",3.990234375,1.50488281249999,1,4.9716796875
"29",12,"V5","L’Incendie (Spot).wav",7,3.970703125,1.998046875,3.990234375
"30",12,"V5","String Quartet No. 8 (Spot).wav",5.9921875,1.97363281249999,4.9912109375,2.984375
"31",13,"V6","Aircraft Cabin Full.wav",5.0205078125,3.0625,5.005859375,6.0458984375
"32",13,"V6","Healing Water Full.wav",3.0087890625,5.943359375,5.1181640625,4.0390625
"33",13,"V6","Fireplace Full.wav",1.998046875,5.0107421875,7,5.9873046875
"34",15,"V2","Piano Sonata No. 11 (Spot).wav",6.02083333333333,5.02604166666666,3.46875,7
"35",15,"V2","Radetzky March (Spot).wav",7,4.48958333333333,4.90104166666666,7
"36",15,"V2","Tritsch-Tratsch (Spot).wav",6.04166666666666,5,2.94791666666666,5.50520833333333
"37",16,"V3","Night on Bare Mountain (Spot).wav",5.58203125,2.5888671875,4.0048828125,5.4599609375
"38",16,"V3","Four Seasons Summer (Spot).wav",5.806640625,2.0078125,3.0380859375,5.5087890625
"39",16,"V3","Moonlight Sonata (Spot).wav",3.1162109375,1.6416015625,2.466796875,5.3916015625
"40",17,"V4","Gypsy Baron (Spot).wav",4.99609375,5.97265625,5.025390625,6.0068359375
"41",17,"V4","The Barber of Seville - Figaro’s Aria (Instrumental) Take 3.wav",6.0263671875,6.001953125,7,7
"42",17,"V4","Unt Donner Unt Blitz (Spot).wav",5.9580078125,5.9775390625,6.9638671875,6.998046875
"43",18,"V5","String Quartet No. 8 (Spot).wav",6.0068359375,1.861328125,5.3623046875,5.97265625
"44",18,"V5","L’Incendie (Spot).wav",6.587890625,1.9541015625,4.5517578125,5.97265625
"45",18,"V5","Chaconne in G (Spot).wav",5.513671875,1.1142578125,2.5302734375,6.021484375
"46",19,"V6","Fireplace Full.wav",3.033203125,5.0498046875,5.9921875,6.0263671875
"47",19,"V6","Aircraft Cabin Full.wav",5.005859375,1.998046875,3.9951171875,3.98046875
"48",19,"V6","Healing Water Full.wav",5.0302734375,5.9677734375,6.958984375,7
"49",21,"V2","Radetzky March (Spot).wav",5.0107421875,4.4931640625,6.607421875,6.03125
"50",21,"V2","Tritsch-Tratsch (Spot).wav",6.0166015625,5.0107421875,5.5185546875,4.99609375
"51",21,"V2","Piano Sonata No. 11 (Spot).wav",5.025390625,6.0458984375,6.939453125,7
"52",22,"V3","Moonlight Sonata (Spot).wav",2.0078125,2.0029296875,2.9453125,5.0498046875
"53",22,"V3","Four Seasons Summer (Spot).wav",6.0166015625,5.0009765625,5.0205078125,6.0068359375
"54",22,"V3","Night on Bare Mountain (Spot).wav",5.9482421875,3.4873046875,6.001953125,5.9580078125
"55",23,"V4","The Barber of Seville - Figaro’s Aria (Instrumental) Take 3.wav",5.025390625,5.0205078125,4.0244140625,5.005859375
"56",23,"V4","Unt Donner Unt Blitz (Spot).wav",5.9921875,4.99609375,5.9921875,6.05078125
"57",23,"V4","Gypsy Baron (Spot).wav",5.0107421875,5.0205078125,4.0244140625,5.015625
"58",24,"V5","L’Incendie (Spot).wav",7,2.9794921875,5.484375,4.4296875
"59",24,"V5","String Quartet No. 8 (Spot).wav",5.474609375,5.5283203125,3.9951171875,5.005859375
"60",24,"V5","Chaconne in G (Spot).wav",2.955078125,5.46484375,4.4443359375,5.0009765625
"61",25,"V6","Aircraft Cabin Full.wav",5.015625,3.990234375,2.984375,4
"62",25,"V6","Healing Water Full.wav",5.015625,5.5087890625,5.9873046875,5.5478515625
"63",25,"V6","Fireplace Full.wav",3.013671875,5.513671875,7,5.5625
"64",27,"V2","Radetzky March (Spot).wav",5.97395833333333,6.015625,6.97916666666666,6.0625
"65",27,"V2","Tritsch-Tratsch (Spot).wav",7,6.015625,4.98958333333333,6.01041666666666
"66",27,"V2","Piano Sonata No. 11 (Spot).wav",6.04166666666666,5.97395833333333,5.95833333333333,6.01041666666666
"67",28,"V3","Night on Bare Mountain (Spot).wav",5.982421875,1.998046875,6.9736328125,5.9970703125
"68",28,"V3","Moonlight Sonata (Spot).wav",2.984375,4.56640625,5.513671875,5.0205078125
"69",28,"V3","Four Seasons Summer (Spot).wav",5.9970703125,4.986328125,4.99609375,5.5185546875
"70",29,"V4","Unt Donner Unt Blitz (Spot).wav",5.5087890625,5.435546875,7,4.9326171875
"71",29,"V4","Gypsy Baron (Spot).wav",5.025390625,4.9912109375,6.96875,5.6357421875
"72",29,"V4","The Barber of Seville - Figaro’s Aria (Instrumental) Take 3.wav",5.5087890625,5.50390625,6.98828125,4.9423828125
"73",30,"V5","L’Incendie (Spot).wav",5.984375,4.61979166666666,4.38020833333333,2.41666666666666
"74",30,"V5","Chaconne in G (Spot).wav",2.38020833333333,2.0625,2.42708333333333,2.28645833333333
"75",30,"V5","String Quartet No. 8 (Spot).wav",2.63541666666666,2.88541666666666,1.30208333333333,1.234375
"76",31,"V6","Healing Water Full.wav",4.9619140625,5.5087890625,6.353515625,4.986328125
"77",31,"V6","Aircraft Cabin Full.wav",2.798828125,4.01953125,4.91796875,2.4912109375
"78",31,"V6","Fireplace Full.wav",5.7626953125,4.2880859375,3.384765625,2.0224609375
"79",33,"V2","Tritsch-Tratsch (Spot).wav",5.50390625,6.4853515625,4.0146484375,5.513671875
"80",33,"V2","Piano Sonata No. 11 (Spot).wav",5.4599609375,5.640625,5.8408203125,5.982421875
"81",33,"V2","Radetzky March (Spot).wav",6.314453125,6.6025390625,2.6376953125,5.0888671875
"82",34,"V3","Night on Bare Mountain (Spot).wav",5.015625,2.994140625,5.9873046875,1.0458984375
"83",34,"V3","Moonlight Sonata (Spot).wav",4.0146484375,4.9716796875,5.962890625,3.1455078125
"84",34,"V3","Four Seasons Summer (Spot).wav",6.0361328125,2.1201171875,5.953125,1.10937499999999
"85",35,"V4","Unt Donner Unt Blitz (Spot).wav",5.6064453125,7,2.4912109375,3.4873046875
"86",35,"V4","Gypsy Baron (Spot).wav",7,5.962890625,1.97363281249999,3.208984375
"87",35,"V4","The Barber of Seville - Figaro’s Aria (Instrumental) Take 3.wav",6.01171875,6.0361328125,6.0703125,3.7900390625
"88",36,"V5","Chaconne in G (Spot).wav",5.015625,2.0126953125,1.0166015625,2.0419921875
"89",36,"V5","L’Incendie (Spot).wav",6.001953125,2.9404296875,1.9833984375,2.0615234375
"90",36,"V5","String Quartet No. 8 (Spot).wav",6.373046875,2.9892578125,1.95898437499999,1.5146484375
"91",37,"V6","Healing Water Full.wav",1.02148437499999,5.9873046875,3.990234375,6.041015625
"92",37,"V6","Aircraft Cabin Full.wav",1.9833984375,2.0029296875,6.9736328125,4.9814453125
"93",37,"V6","Fireplace Full.wav",1.998046875,3.9951171875,1.0849609375,3.0625
"94",39,"V2","Tritsch-Tratsch (Spot).wav",6.509765625,6.4169921875,6.3095703125,5.9873046875
"95",39,"V2","Piano Sonata No. 11 (Spot).wav",6.6806640625,6.197265625,6.96875,6.4853515625
"96",39,"V2","Radetzky March (Spot).wav",6.3583984375,5.904296875,3.9951171875,5.5380859375
"97",40,"V3","Moonlight Sonata (Spot).wav",5.0107421875,2.9306640625,6.9345703125,5.0791015625
"98",40,"V3","Four Seasons Summer (Spot).wav",4.9521484375,3.580078125,7,6.109375
"99",40,"V3","Night on Bare Mountain (Spot).wav",5.6064453125,3.3017578125,7,5.4697265625
"100",41,"V4","Gypsy Baron (Spot).wav",5.9580078125,5.97265625,5.015625,4.9912109375
"101",41,"V4","Unt Donner Unt Blitz (Spot).wav",4.0146484375,5.0546875,4.029296875,6.978515625
"102",41,"V4","The Barber of Seville - Figaro’s Aria (Instrumental) Take 3.wav",6.0361328125,4,3.98046875,5.9970703125
"103",42,"V5","L’Incendie (Spot).wav",6.2802734375,1.9052734375,1.43164062499999,5.5185546875
"104",42,"V5","Chaconne in G (Spot).wav",5.5966796875,1.2314453125,1.2216796875,3.6435546875
"105",42,"V5","String Quartet No. 8 (Spot).wav",5.7822265625,1.44140625,1.5537109375,2.8525390625
"106",43,"V6","Fireplace Full.wav",3.0087890625,5.9921875,3.9951171875,6.978515625
"107",43,"V6","Healing Water Full.wav",4.078125,4.9326171875,5.9580078125,4.9033203125
"108",43,"V6","Aircraft Cabin Full.wav",3.9609375,3.0478515625,1.978515625,2.0615234375
"109",45,"V2","Radetzky March (Spot).wav",5.025390625,6.822265625,5.0107421875,6.9248046875
"110",45,"V2","Tritsch-Tratsch (Spot).wav",4.95703125,5.9287109375,1,5.494140625
"111",45,"V2","Piano Sonata No. 11 (Spot).wav",6.24609375,3.0234375,7,6.373046875
"112",46,"V3","Four Seasons Summer (Spot).wav",5.0009765625,3.404296875,6.96875,6.65625
"113",46,"V3","Moonlight Sonata (Spot).wav",3.78515625,3.375,6.9931640625,6.0849609375
"114",46,"V3","Night on Bare Mountain (Spot).wav",5.376953125,2.7060546875,5.162109375,5.533203125
"115",47,"V4","The Barber of Seville - Figaro’s Aria (Instrumental) Take 3.wav",5.005859375,6.744140625,7,6.734375
"116",47,"V4","Gypsy Baron (Spot).wav",4.654296875,6.8759765625,5.5087890625,6.0068359375
"117",47,"V4","Unt Donner Unt Blitz (Spot).wav",4.986328125,6.548828125,7,6.01171875
"118",48,"V5","Chaconne in G (Spot).wav",3.4970703125,2.65234375,3.2431640625,3.0380859375
"119",48,"V5","String Quartet No. 8 (Spot).wav",4.6005859375,3.1015625,4.5322265625,1.822265625
"120",48,"V5","L’Incendie (Spot).wav",4.4052734375,2.9794921875,2.623046875,1.6318359375
"121",49,"V6","Fireplace Full.wav",3.23828125,4.5859375,5.4453125,3.6142578125
"122",49,"V6","Aircraft Cabin Full.wav",4.3759765625,4.0244140625,5.9873046875,1.763671875
"123",49,"V6","Healing Water Full.wav",5.298828125,6.3681640625,4.5029296875,5.81640625
"124",51,"V2","Radetzky March (Spot).wav",2.9892578125,6.9248046875,2.4228515625,2.45703125
"125",51,"V2","Tritsch-Tratsch (Spot).wav",3.990234375,7,2.9794921875,3.501953125
"126",51,"V2","Piano Sonata No. 11 (Spot).wav",4.9716796875,3.9853515625,5.46484375,5.0986328125
"127",52,"V3","Four Seasons Summer (Spot).wav",5.9189453125,3.111328125,5.3818359375,5.40625
"128",52,"V3","Moonlight Sonata (Spot).wav",2.5986328125,2.75,6.98828125,7
"129",52,"V3","Night on Bare Mountain (Spot).wav",6.1044921875,2.4912109375,4.0244140625,4.0244140625
"130",53,"V4","The Barber of Seville - Figaro’s Aria (Instrumental) Take 3.wav",4.0439453125,4,5.07421875,5.0009765625
"131",53,"V4","Gypsy Baron (Spot).wav",4.087890625,4,3.0771484375,3.9853515625
"132",53,"V4","Unt Donner Unt Blitz (Spot).wav",5.0400390625,3.990234375,4.1123046875,6.01171875
"133",54,"V5","Chaconne in G (Spot).wav",4.8544921875,1,1,2.974609375
"134",54,"V5","L’Incendie (Spot).wav",6.0556640625,1,3.9951171875,2.046875
"135",54,"V5","String Quartet No. 8 (Spot).wav",6.1142578125,2.017578125,2.046875,1.97363281249999
"136",55,"V6","Aircraft Cabin Full.wav",1.4560546875,2.9794921875,3.9853515625,1.998046875
"137",55,"V6","Fireplace Full.wav",1,5.9384765625,6.55859375,6.0849609375
"138",55,"V6","Healing Water Full.wav",2.4375,7,5.572265625,6.0849609375
"139",57,"V2","Radetzky March (Spot).wav",4.009765625,5.9970703125,5.962890625,1.98828124999999
"140",57,"V2","Piano Sonata No. 11 (Spot).wav",4.0048828125,5.982421875,6.9931640625,4
"141",57,"V2","Tritsch-Tratsch (Spot).wav",4.99609375,6.48046875,1.9931640625,1
"142",58,"V3","Moonlight Sonata (Spot).wav",2.796875,3.29166666666666,4.85416666666666,6.05729166666666
"143",58,"V3","Four Seasons Summer (Spot).wav",4.97916666666666,4.02083333333333,2.96875,3.93229166666666
"144",58,"V3","Night on Bare Mountain (Spot).wav",6.08854166666666,2.97916666666666,4.796875,2.04166666666666
"145",59,"V4","Gypsy Baron (Spot).wav",5.943359375,6.8369140625,7,5.62109375
"146",59,"V4","The Barber of Seville - Figaro’s Aria (Instrumental) Take 3.wav",5.3671875,5.2548828125,6.529296875,5.611328125
"147",59,"V4","Unt Donner Unt Blitz (Spot).wav",4.3076171875,4.4150390625,5.298828125,4.3173828125
"148",60,"V5","Chaconne in G (Spot).wav",4.28125,4.98958333333333,5.64583333333333,5.50520833333333
"149",60,"V5","String Quartet No. 8 (Spot).wav",5.38541666666666,3.72916666666666,4.80729166666666,2.56770833333333
"150",60,"V5","L’Incendie (Spot).wav",6.20833333333333,3.69791666666666,4.48958333333333,1.88020833333333
"151",61,"V6","Fireplace Full.wav",5.0009765625,5.0205078125,6.9248046875,5.03515625
"152",61,"V6","Healing Water Full.wav",6.978515625,6.96875,5.9580078125,7
"153",61,"V6","Aircraft Cabin Full.wav",1.001953125,1,7,1.0458984375
"154",63,"V2","Radetzky March (Spot).wav",5.9873046875,6.021484375,4.9619140625,4.9765625
"155",63,"V2","Piano Sonata No. 11 (Spot).wav",5.0546875,4.9765625,6.08984375,5.9677734375
"156",63,"V2","Tritsch-Tratsch (Spot).wav",6.0361328125,6.9736328125,5.09375,4.9814453125
"157",64,"V3","Four Seasons Summer (Spot).wav",6.01171875,2.212890625,7,3.0234375
"158",64,"V3","Moonlight Sonata (Spot).wav",2.9599609375,2.212890625,4.7177734375,6.5439453125
"159",64,"V3","Night on Bare Mountain (Spot).wav",6.94921875,3.775390625,3.94140625,1.5537109375
"160",65,"V4","Unt Donner Unt Blitz (Spot).wav",4.986328125,5.982421875,5.025390625,3.990234375
"161",65,"V4","The Barber of Seville - Figaro’s Aria (Instrumental) Take 3.wav",5.9091796875,4.986328125,7,4.1171875
"162",65,"V4","Gypsy Baron (Spot).wav",5.083984375,5.9287109375,5.9775390625,3.052734375
"163",66,"V5","String Quartet No. 8 (Spot).wav",6.9931640625,3.0185546875,5.9677734375,5.9677734375
"164",66,"V5","L’Incendie (Spot).wav",4.9765625,3.9853515625,5.025390625,5.0595703125
"165",66,"V5","Chaconne in G (Spot).wav",2.96484375,3.0087890625,3.990234375,5.591796875
"166",67,"V6","Aircraft Cabin Full.wav",1.5537109375,3.8046875,5.494140625,3.2724609375
"167",67,"V6","Healing Water Full.wav",3.62890625,4.2490234375,3.677734375,4.9619140625
"168",67,"V6","Fireplace Full.wav",2.0517578125,4.0244140625,5.123046875,5.03515625
"169",69,"V2","Radetzky March (Spot).wav",1.646484375,6.841796875,7,6.44140625
"170",69,"V2","Tritsch-Tratsch (Spot).wav",1.8369140625,6.2900390625,6.060546875,6.6220703125
"171",69,"V2","Piano Sonata No. 11 (Spot).wav",1.7734375,5.11328125,7,7
"172",70,"V3","Four Seasons Summer (Spot).wav",4.9765625,1.9833984375,7,6.0166015625
"173",70,"V3","Moonlight Sonata (Spot).wav",6.01171875,2.0126953125,1.9931640625,5.005859375
"174",70,"V3","Night on Bare Mountain (Spot).wav",5.630859375,1.01171875,2.9599609375,5.6162109375
"175",71,"V4","The Barber of Seville - Figaro’s Aria (Instrumental) Take 3.wav",6.021484375,6.9833984375,4.9765625,6.0068359375
"176",71,"V4","Gypsy Baron (Spot).wav",5.8603515625,6.05078125,3.0087890625,2.837890625
"177",71,"V4","Unt Donner Unt Blitz (Spot).wav",5.9873046875,6.8369140625,1.20703125,4.8837890625
"178",72,"V5","L’Incendie (Spot).wav",5.9970703125,1.4267578125,2.8232421875,6.7294921875
"179",72,"V5","Chaconne in G (Spot).wav",5.6259765625,1.49023437499999,3.482421875,6.16796875
"180",72,"V5","String Quartet No. 8 (Spot).wav",6.373046875,2.203125,1.94921875,6.3828125
"181",73,"V6","Healing Water Full.wav",4.361328125,5.7333984375,2.9697265625,5.962890625
"182",73,"V6","Aircraft Cabin Full.wav",2.8427734375,2.9794921875,5.30859375,1.9052734375
"183",73,"V6","Fireplace Full.wav",4.341796875,4.029296875,5.71875,4.810546875
"184",75,"V2","Piano Sonata No. 11 (Spot).wav",3.9951171875,5.953125,3.9951171875,7
"185",75,"V2","Tritsch-Tratsch (Spot).wav",5.9140625,2.9990234375,2.095703125,5.0302734375
"186",75,"V2","Radetzky March (Spot).wav",4.0146484375,3.9951171875,2.095703125,2.134765625
"187",76,"V3","Night on Bare Mountain (Spot).wav",4.9912109375,3.98046875,4.9326171875,4.9912109375
"188",76,"V3","Moonlight Sonata (Spot).wav",5.005859375,2.994140625,4.8837890625,5.9775390625
"189",76,"V3","Four Seasons Summer (Spot).wav",5.943359375,4.0732421875,4.9619140625,4.908203125
"190",77,"V4","Gypsy Baron (Spot).wav",7,4.986328125,7,7
"191",77,"V4","The Barber of Seville - Figaro’s Aria (Instrumental) Take 3.wav",7,5.923828125,5.0498046875,4.126953125
"192",77,"V4","Unt Donner Unt Blitz (Spot).wav",5.923828125,7,2.935546875,4.99609375
"193",78,"V5","String Quartet No. 8 (Spot).wav",5.0107421875,5.03515625,3.033203125,2.5400390625
"194",78,"V5","Chaconne in G (Spot).wav",3.47265625,2.4423828125,4.41015625,5.6064453125
"195",78,"V5","L’Incendie (Spot).wav",5.416015625,5.9970703125,5.484375,5.3916015625
"196",79,"V6","Healing Water Full.wav",5.4111328125,4.986328125,4.72265625,6.431640625
"197",79,"V6","Fireplace Full.wav",1.9931640625,3.9853515625,1.998046875,5.0009765625
"198",79,"V6","Aircraft Cabin Full.wav",3.00390625,2.9990234375,4.52734375,3.5263671875
"199",81,"V2","Tritsch-Tratsch (Spot).wav",5.259765625,2.984375,4.6884765625,4.8984375
"200",81,"V2","Radetzky March (Spot).wav",5.7822265625,5.8603515625,6.1435546875,5.8603515625
"201",81,"V2","Piano Sonata No. 11 (Spot).wav",6.0361328125,6.7880859375,6.4365234375,5.083984375
"202",82,"V3","Four Seasons Summer (Spot).wav",5.9970703125,1,6.5048828125,7
"203",82,"V3","Moonlight Sonata (Spot).wav",3.013671875,1,7,3.0087890625
"204",82,"V3","Night on Bare Mountain (Spot).wav",2.3935546875,2.30078125,5.4697265625,3.70703125
"205",83,"V4","The Barber of Seville - Figaro’s Aria (Instrumental) Take 3.wav",5.5673828125,5.5478515625,5.9775390625,3.98046875
"206",83,"V4","Unt Donner Unt Blitz (Spot).wav",4.9912109375,4.986328125,5.4697265625,4.009765625
"207",83,"V4","Gypsy Baron (Spot).wav",4.9814453125,5.5576171875,1.998046875,5.5185546875
"208",84,"V5","Chaconne in G (Spot).wav",2.02734375,3.0869140625,1.98828124999999,3.9609375
"209",84,"V5","String Quartet No. 8 (Spot).wav",4.9912109375,4.966796875,1.97363281249999,3.9853515625
"210",84,"V5","L’Incendie (Spot).wav",5.005859375,3.9853515625,1.98828124999999,4.0048828125
"211",85,"V6","Healing Water Full.wav",3.013671875,4.99609375,3.9951171875,7
"212",85,"V6","Aircraft Cabin Full.wav",1,2.984375,2.9794921875,3.94140625
"213",85,"V6","Fireplace Full.wav",1.978515625,3.9755859375,3.4775390625,4.009765625
"214",87,"V2","Tritsch-Tratsch (Spot).wav",4,6.59765625,6.40234375,5.015625
"215",87,"V2","Piano Sonata No. 11 (Spot).wav",3.970703125,4.390625,6.6123046875,5.4990234375
"216",87,"V2","Radetzky March (Spot).wav",4.1171875,5.9970703125,5.4990234375,4.9912109375
"217",88,"V3","Moonlight Sonata (Spot).wav",4.0244140625,1.98828124999999,6.91015625,4.9765625
"218",88,"V3","Four Seasons Summer (Spot).wav",5.97265625,3.0185546875,7,5.9873046875
"219",88,"V3","Night on Bare Mountain (Spot).wav",3.970703125,3.9462890625,6.9736328125,5.953125
"220",89,"V4","Gypsy Baron (Spot).wav",6.470703125,5.97265625,5.4697265625,4.9912109375
"221",89,"V4","The Barber of Seville - Figaro’s Aria (Instrumental) Take 3.wav",6.998046875,6.0361328125,6.958984375,7
"222",89,"V4","Unt Donner Unt Blitz (Spot).wav",6.4658203125,5.5478515625,6.4560546875,6.4365234375
"223",90,"V5","String Quartet No. 8 (Spot).wav",5.962890625,4.99609375,1.9833984375,1.939453125
"224",90,"V5","L’Incendie (Spot).wav",5.953125,5.0302734375,1.978515625,2.96484375
"225",90,"V5","Chaconne in G (Spot).wav",5.943359375,2.115234375,2.0908203125,5.0400390625
"226",91,"V6","Healing Water Full.wav",4.8984375,7,5.0546875,5.0205078125
"227",91,"V6","Fireplace Full.wav",2.955078125,2.0419921875,6.001953125,5.0400390625
"228",91,"V6","Aircraft Cabin Full.wav",3.990234375,1.880859375,5.103515625,1.978515625
"229",93,"V2","Tritsch-Tratsch (Spot).wav",5.884765625,6.4169921875,5.4306640625,7
"230",93,"V2","Piano Sonata No. 11 (Spot).wav",7,5.494140625,7,7
"231",93,"V2","Radetzky March (Spot).wav",5.9580078125,6.3876953125,7,7
"232",94,"V3","Moonlight Sonata (Spot).wav",5.015625,2.9404296875,6.05078125,4.99609375
"233",94,"V3","Four Seasons Summer (Spot).wav",5.9775390625,2.7353515625,6.8369140625,4.419921875
"234",94,"V3","Night on Bare Mountain (Spot).wav",4.91796875,2.935546875,6.4072265625,4.7080078125
"235",95,"V4","The Barber of Seville - Figaro’s Aria (Instrumental) Take 3.wav",5.9921875,5.3525390625,3.5263671875,4.5078125
"236",95,"V4","Gypsy Baron (Spot).wav",5.435546875,6.4560546875,5.4208984375,5.4501953125
"237",95,"V4","Unt Donner Unt Blitz (Spot).wav",4.44921875,4.41015625,2.5302734375,3.5849609375
"238",96,"V5","L’Incendie (Spot).wav",4.927734375,2.9892578125,6.9296875,5.0498046875
"239",96,"V5","String Quartet No. 8 (Spot).wav",5.97265625,5.0302734375,6.9296875,6.98828125
"240",96,"V5","Chaconne in G (Spot).wav",3.052734375,1.94921875,5.07421875,4.01953125
"241",97,"V6","Aircraft Cabin Full.wav",2.9794921875,2.5009765625,5.0107421875,2.5791015625
"242",97,"V6","Fireplace Full.wav",5.484375,3.53125,6.509765625,5.640625
"243",97,"V6","Healing Water Full.wav",6.5048828125,7,5.5234375,5.494140625
"244",99,"V2","Piano Sonata No. 11 (Spot).wav",5.5966796875,5.9677734375,6.998046875,6.9931640625
"245",99,"V2","Radetzky March (Spot).wav",4.986328125,5.9970703125,4.986328125,4.99609375
"246",99,"V2","Tritsch-Tratsch (Spot).wav",7,6.998046875,3.9853515625,3.9853515625
"247",100,"V3","Four Seasons Summer (Spot).wav",5.044921875,6.01171875,6.0263671875,5.9921875
"248",100,"V3","Moonlight Sonata (Spot).wav",5.9677734375,5.9970703125,7,7
"249",100,"V3","Night on Bare Mountain (Spot).wav",4.9814453125,6.98828125,6.5244140625,6.9638671875
"250",101,"V4","Unt Donner Unt Blitz (Spot).wav",4.6201171875,6.021484375,4,6.48046875
"251",101,"V4","The Barber of Seville - Figaro’s Aria (Instrumental) Take 3.wav",4.6298828125,5.0107421875,5.9921875,6.7734375
"252",101,"V4","Gypsy Baron (Spot).wav",5.0595703125,5.513671875,3.8291015625,5.4453125
"253",102,"V5","Chaconne in G (Spot).wav",5.21875,2.72767857142857,2.92857142857142,3.4375
"254",102,"V5","String Quartet No. 8 (Spot).wav",7,1.70089285714285,1.70982142857142,2.39732142857142
"255",102,"V5","L’Incendie (Spot).wav",5.49553571428571,3.30803571428571,4.69642857142857,4.20982142857142
"256",103,"V6","Fireplace Full.wav",1.00892857142857,2.92857142857142,6.82142857142857,4
"257",103,"V6","Healing Water Full.wav",2.01339285714285,5.92410714285714,6.92410714285714,6.12946428571428
"258",103,"V6","Aircraft Cabin Full.wav",1,2.91517857142857,5.11160714285714,3.62053571428571
"259",105,"V2","Radetzky March (Spot).wav",6.021484375,7,7,7
"260",105,"V2","Tritsch-Tratsch (Spot).wav",6.0166015625,7,4.99609375,6.0458984375
"261",105,"V2","Piano Sonata No. 11 (Spot).wav",5.9873046875,6.01171875,7,7
"262",106,"V3","Four Seasons Summer (Spot).wav",6.1630859375,5.0498046875,5.9921875,6.0166015625
"263",106,"V3","Moonlight Sonata (Spot).wav",5.0791015625,2.916015625,6.880859375,6.978515625
"264",106,"V3","Night on Bare Mountain (Spot).wav",5.93359375,5.0791015625,7,5.9970703125
"265",107,"V4","Unt Donner Unt Blitz (Spot).wav",5.982421875,5.0009765625,6.94921875,6.0263671875
"266",107,"V4","Gypsy Baron (Spot).wav",6.998046875,6.0703125,4.0634765625,4.9765625
"267",107,"V4","The Barber of Seville - Figaro’s Aria (Instrumental) Take 3.wav",7,5.015625,5.005859375,5.044921875
"268",108,"V5","L’Incendie (Spot).wav",6.9833984375,4.99609375,2.0029296875,1
"269",108,"V5","String Quartet No. 8 (Spot).wav",6.9931640625,2.0029296875,1.01171875,1.001953125
"270",108,"V5","Chaconne in G (Spot).wav",4.0048828125,1.9833984375,5.0205078125,2.984375
"271",109,"V6","Aircraft Cabin Full.wav",1.03125,2.95089285714285,1.88839285714285,1.95535714285714
"272",109,"V6","Healing Water Full.wav",4.08035714285714,6.06696428571428,3.99107142857142,5.91964285714285
"273",109,"V6","Fireplace Full.wav",3.03125,3.97321428571428,4.01785714285714,2.91964285714285
"274",111,"V2","Radetzky March (Spot).wav",4.9814453125,5.015625,5.9580078125,4.009765625
"275",111,"V2","Piano Sonata No. 11 (Spot).wav",5.97265625,6.9736328125,5.9580078125,4.9814453125
"276",111,"V2","Tritsch-Tratsch (Spot).wav",5.4697265625,7,6.5341796875,4.95703125
"277",112,"V3","Moonlight Sonata (Spot).wav",3.9560546875,2.9892578125,4.986328125,5.9970703125
"278",112,"V3","Night on Bare Mountain (Spot).wav",4.9912109375,2.9990234375,4.99609375,4.966796875
"279",112,"V3","Four Seasons Summer (Spot).wav",5.0546875,4.986328125,5.9775390625,4.95703125
"280",113,"V4","Gypsy Baron (Spot).wav",7,6.0263671875,5.005859375,7
"281",113,"V4","Unt Donner Unt Blitz (Spot).wav",6.041015625,6.05078125,5.015625,6.919921875
"282",113,"V4","The Barber of Seville - Figaro’s Aria (Instrumental) Take 3.wav",6.9931640625,4.966796875,6.9345703125,5.97265625
"283",114,"V5","String Quartet No. 8 (Spot).wav",4.9814453125,3.375,5.9384765625,3.0966796875
"284",114,"V5","L’Incendie (Spot).wav",4.3271484375,4,3.9658203125,3.3603515625
"285",114,"V5","Chaconne in G (Spot).wav",5.7041015625,5.3134765625,2.5400390625,6.20703125
"286",115,"V6","Aircraft Cabin Full.wav",5.005859375,4.908203125,3.189453125,5.1865234375
"287",115,"V6","Healing Water Full.wav",5.318359375,6.03125,5.005859375,6.4072265625
"288",115,"V6","Fireplace Full.wav",4.712890625,4.95703125,4.5322265625,5.3427734375
"289",117,"V2","Tritsch-Tratsch (Spot).wav",4.9765625,5.8212890625,6.001953125,6.0068359375
"290",117,"V2","Radetzky March (Spot).wav",5.8896484375,5.982421875,6.6513671875,6.5146484375
"291",117,"V2","Piano Sonata No. 11 (Spot).wav",4.5224609375,4.09765625,5.8115234375,5.89453125
"292",118,"V3","Moonlight Sonata (Spot).wav",2.994140625,1.9052734375,6.998046875,6.099609375
"293",118,"V3","Night on Bare Mountain (Spot).wav",3.931640625,1.98828124999999,6.94921875,6.1484375
"294",118,"V3","Four Seasons Summer (Spot).wav",3.94140625,3.0966796875,6.890625,6.060546875
"295",119,"V4","The Barber of Seville - Figaro’s Aria (Instrumental) Take 3.wav",3.6875,6.5537109375,7,5.5478515625
"296",119,"V4","Gypsy Baron (Spot).wav",3.4287109375,5.6162109375,4.5322265625,4.9814453125
"297",119,"V4","Unt Donner Unt Blitz (Spot).wav",4.78125,6.7197265625,4.537109375,4.60546875
"298",120,"V5","L’Incendie (Spot).wav",4.8544921875,4.166015625,1.998046875,5.46484375
"299",120,"V5","Chaconne in G (Spot).wav",4.458984375,2.7841796875,1,4.4052734375
"300",120,"V5","String Quartet No. 8 (Spot).wav",5.4794921875,2.3349609375,1,5.4404296875
"301",121,"V6","Healing Water Full.wav",2.4765625,4.4833984375,6.0654296875,6.177734375
"302",121,"V6","Aircraft Cabin Full.wav",2.4228515625,3.98046875,5.9677734375,5.6845703125
"303",121,"V6","Fireplace Full.wav",1.8466796875,4.0439453125,6.119140625,6.65625
"304",123,"V2","Piano Sonata No. 11 (Spot).wav",1.98828124999999,5.0009765625,5.9921875,3.00390625
"305",123,"V2","Radetzky March (Spot).wav",6.001953125,6.9736328125,6.060546875,3.970703125
"306",123,"V2","Tritsch-Tratsch (Spot).wav",4.986328125,6.03125,5.9384765625,2.1201171875
"307",124,"V3","Night on Bare Mountain (Spot).wav",5.4501953125,2.8232421875,5.6845703125,5.7138671875
"308",124,"V3","Moonlight Sonata (Spot).wav",2.8916015625,2.1005859375,5.962890625,3.7509765625
"309",124,"V3","Four Seasons Summer (Spot).wav",4.390625,4.6005859375,4.95703125,4.625
"310",125,"V4","Unt Donner Unt Blitz (Spot).wav",5.044921875,5.474609375,4.966796875,4.5126953125
"311",125,"V4","The Barber of Seville - Figaro’s Aria (Instrumental) Take 3.wav",4.9814453125,4.9814453125,6.529296875,4.5419921875
"312",125,"V4","Gypsy Baron (Spot).wav",4.498046875,5.54296875,3.0185546875,4.9716796875
"313",126,"V5","L’Incendie (Spot).wav",5.9287109375,4.9814453125,1.97363281249999,4.986328125
"314",126,"V5","String Quartet No. 8 (Spot).wav",6.0068359375,4.0439453125,2.0029296875,4.4541015625
"315",126,"V5","Chaconne in G (Spot).wav",4.517578125,3.013671875,2.0126953125,3.5556640625
"316",127,"V6","Aircraft Cabin Full.wav",2.45703125,3.013671875,6.1044921875,4.0439453125
"317",127,"V6","Fireplace Full.wav",4.009765625,4.986328125,7,5.9677734375
"318",127,"V6","Healing Water Full.wav",4.9814453125,6.001953125,7,5.5283203125
"319",129,"V2","Tritsch-Tratsch (Spot).wav",4.99609375,6.0263671875,1.0166015625,5.9970703125
"320",129,"V2","Radetzky March (Spot).wav",5.962890625,6.0458984375,1.00683593749999,5.962890625
"321",129,"V2","Piano Sonata No. 11 (Spot).wav",5.015625,4,7,5.0302734375
"322",130,"V3","Four Seasons Summer (Spot).wav",6.109375,3.0478515625,6.2412109375,1.96875
"323",130,"V3","Moonlight Sonata (Spot).wav",5.9384765625,1.5244140625,5.953125,3.013671875
"324",130,"V3","Night on Bare Mountain (Spot).wav",6.685546875,3.5068359375,4.95703125,1.1435546875
"325",131,"V4","Unt Donner Unt Blitz (Spot).wav",5.9970703125,5.0986328125,4.99609375,5.93359375
"326",131,"V4","Gypsy Baron (Spot).wav",6.0068359375,6.1142578125,6.0654296875,5.0302734375
"327",131,"V4","The Barber of Seville - Figaro’s Aria (Instrumental) Take 3.wav",5.982421875,6.0849609375,4.83984375,5.9775390625
"328",132,"V5","L’Incendie (Spot).wav",6.51953125,5.474609375,5.9921875,5.9970703125
"329",132,"V5","Chaconne in G (Spot).wav",3.5263671875,2.5107421875,2.5009765625,4.0048828125
"330",132,"V5","String Quartet No. 8 (Spot).wav",5.0009765625,3.033203125,1,2.49609375
"331",133,"V6","Fireplace Full.wav",2.96484375,5.0107421875,2.9990234375,4.95703125
"332",133,"V6","Healing Water Full.wav",3.0234375,5.9677734375,3.9658203125,6.01171875
"333",133,"V6","Aircraft Cabin Full.wav",4.0244140625,3.9755859375,1.88574218749999,2.9794921875
"334",135,"V2","Tritsch-Tratsch (Spot).wav",6.021484375,5.9775390625,6.98828125,5.005859375
"335",135,"V2","Piano Sonata No. 11 (Spot).wav",6.9541015625,5.6845703125,6.98828125,6.9638671875
"336",135,"V2","Radetzky March (Spot).wav",6.8564453125,6.3291015625,7,6.470703125
"337",136,"V3","Moonlight Sonata (Spot).wav",4.0341796875,2.955078125,7,5.982421875
"338",136,"V3","Night on Bare Mountain (Spot).wav",5.025390625,5.0888671875,6.8369140625,4.99609375
"339",136,"V3","Four Seasons Summer (Spot).wav",5.0107421875,4.99609375,6.98828125,5.005859375
"340",137,"V4","Gypsy Baron (Spot).wav",4.99609375,5.005859375,4.0146484375,3.9365234375
"341",137,"V4","The Barber of Seville - Figaro’s Aria (Instrumental) Take 3.wav",4.0244140625,5.044921875,5.0302734375,4.91796875
"342",137,"V4","Unt Donner Unt Blitz (Spot).wav",3.9462890625,4.9912109375,2.9599609375,3.951171875
